batch,internal_id,tube_label,novo_id,ng.ul,vol.ul
01-10-2024_trial,nc03_Heart,NC_H3,n1,153,23
01-10-2024_trial,hf05_Heart,HF_H5,n2,271,26
01-10-2024_trial,nc02_KidneyCortex,NC_KC2,n3,1807,29
01-10-2024_trial,nc05_KidneyCortex,NC_KC5,n4,2988,30
01-10-2024_trial,hf01_KidneyCortex,HF_KC1,n5,3914,30
01-10-2024_trial,nc01_LgIntestine,NC_LI1,n6,304,27
01-10-2024_trial,nc02_LgIntestine,NC_LI2,n7,1896,29
01-10-2024_trial,nc03_LgIntestine,NC_LI3,n8,1031,29
01-10-2024_trial,nc04_LgIntestine,NC_LI4,n9,51,15
01-10-2024_trial,hf05_LgIntestine,HF_LI5,n10,691,29
01-10-2024_trial,nc01_Liver_Ref,NC_Lv1,n11,10611,30
01-10-2024_trial,nc02_Liver,NC_Lv2,n12,1353,29
01-10-2024_trial,nc05_Liver,NC_Lv5,n13,1665,29
01-10-2024_trial,hf03_Liver_Ref,HF_Lv3,n14,4365,30
01-10-2024_trial,nc02_Spleen,NC_SPL2,n15,491,28
01-10-2024_trial,nc03_Spleen,NC_SPL3,n16,389,27
1/19/24,nc02_Muscle,NC_SM2,n17,136,23
1/19/24,hf04_Spleen,HF_SPL4,n18,2947,30
1/19/24,nc02_WAT,NC_AT2,n19,162,24
1/19/24,nc04_WAT,NC_AT4,n20,97,20
1/19/24,hf04_WAT,HF_AT4,n21,71,16
1/23/24,ldl01_Heart,LDLR_H1,n22,1410,29
1/23/24,ldl02_Heart,LDLR_H2,n23,595,28
1/23/24,ldl03_Heart,LDLR_H3,n24,1180,29
1/23/24,ldl04_Heart,LDLR_H4,n25,2017,30
1/23/24,ldl06_Heart,LDLR_H6,n26,712,29
1/23/24,ldl07_Heart,LDLR_H7,n27,1118,29
1/23/24,ldl08_Heart,LDLR_H8,n28,1076,29
1/23/24,ldl10_Heart,LDLR_H10,n29,1400,29
1/23/24,ldl01_LgIntestine,LDLR_LI1,n30,142,23
1/23/24,ldl02_LgIntestine,LDLR_LI2,n31,274,26
1/23/24,ldl04_LgIntestine,LDLR_LI4,n32,571,28
1/23/24,ldl06_LgIntestine,LDLR_LI6,n33,439,28
1/23/24,ldl07_LgIntestine,LDLR_LI7,n34,1628,29
1/23/24,ldl08_LgIntestine,LDLR_LI8,n35,1011,29
1/23/24,ldl10_LgIntestine,LDLR_LI10,n36,662,28
1/23/24,ldl01_Liver,LDLR_Lv1,n37,6662,30
1/23/24,ldl02_Liver,LDLR_Lv2,n38,4880,30
1/23/24,ldl03_Liver,LDLR_Lv3,n39,8957,30
1/23/24,ldl04_Liver,LDLR_Lv4,n40,5152,30
1/26/24,ldl01_KidneyCortex,KC1,n41,3417,30
1/26/24,ldl02_KidneyCortex,KC2,n42,3409,30
1/26/24,ldl03_KidneyCortex,KC3,n43,1708,29
1/26/24,ldl04_KidneyCortex,KC4,n44,2714,30
1/26/24,ldl06_KidneyCortex,KC6,n45,1564,29
1/26/24,ldl07_KidneyCortex,KC7,n46,3507,30
1/26/24,ldl08_KidneyCortex,KC8,n47,1483,29
1/26/24,ldl10_KidneyCortex,KC10,n48,1139,29
1/26/24,ldl01_KidneyMedulla,KM1,n49,1814,29
1/26/24,ldl02_KidneyMedulla,KM2,n50,1907,29
1/26/24,ldl03_KidneyMedulla,KM3,n51,1637,29
1/26/24,ldl04_KidneyMedulla,KM4,n52,1789,29
1/26/24,ldl06_KidneyMedulla,KM6,n53,943,29
1/26/24,ldl07_KidneyMedulla,KM7,n54,453,28
1/26/24,ldl08_KidneyMedulla,KM8,n55,506,28
1/26/24,ldl10_KidneyMedulla,KM10,n56,4070,30
1/26/24,ldl01_Lung,Lung1,n57,900,29
1/26/24,ldl02_Lung,Lung2,n58,1133,29
1/26/24,ldl03_Lung,Lung3,n59,767,29
1/26/24,ldl04_Lung,Lung4,n60,307,27
1/26/24,ldl06_Lung,Lung6,n61,664,28
1/26/24,ldl07_Lung,Lung7,n62,1594,29
1/26/24,ldl08_Lung,Lung8,n63,1514,29
1/26/24,ldl01_Muscle,SM1,n64,411,28
1/26/24,ldl02_Muscle,SM2,n65,149,23
1/26/24,ldl03_Muscle,SM3,n66,593,28
1/26/24,ldl04_Muscle,SM4,n67,835,29
1/26/24,ldl06_Muscle,SM6,n68,315,27
1/26/24,ldl07_Muscle,SM7,n69,359,27
1/26/24,ldl08_Muscle,SM8,n70,395,27
1/26/24,ldl10_Muscle,SM10,n71,735,29
1/26/24,ldl01_Spleen,Sp1,n72,1124,29
1/26/24,ldl03_Spleen,Sp3,n73,312,27
1/26/24,ldl04_Spleen,Sp4,n74,1186,29
1/26/24,ldl06_Spleen,Sp6,n75,1877,29
1/26/24,ldl10_Spleen,Sp10,n76,1161,29
1/29/24,ldl13_Heart,H13,n77,732,29
1/29/24,ldl14_Heart,H14,n78,884,29
1/29/24,ldl15_Heart,H15,n79,530,28
1/29/24,ldl16_Heart,H16,n80,538,28
1/29/24,ldl17_Heart,H17,n81,521,28
1/29/24,ldl18_Heart,H18,n82,969,29
1/29/24,ldl19_Heart,H19,n83,590,28
1/29/24,ldl20_Heart,H20,n84,611,28
1/29/24,ldl13_KidneyCortex,KC13,n85,925,29
1/29/24,ldl14_KidneyCortex,KC14,n86,1329,29
1/29/24,ldl15_KidneyCortex,KC15,n87,1530,29
1/29/24,ldl16_KidneyCortex,KC16,n88,1362,29
1/29/24,ldl17_KidneyCortex,KC17,n89,1859,29
1/29/24,ldl18_KidneyCortex,KC18,n90,1767,29
1/29/24,ldl19_KidneyCortex,KC19,n91,1076,29
1/29/24,ldl20_KidneyCortex,KC20,n92,1673,29
1/29/24,ldl13_KidneyMedulla,KM13,n93,1253,29
1/29/24,ldl14_KidneyMedulla,KM14,n94,1603,29
1/29/24,ldl15_KidneyMedulla,KM15,n95,1260,29
1/29/24,ldl16_KidneyMedulla,KM16,n96,1568,29
1/29/24,ldl17_KidneyMedulla,KM17,n97,854,29
1/29/24,ldl18_KidneyMedulla,KM18,n98,899,29
1/29/24,ldl19_KidneyMedulla,KM19,n99,1588,29
1/29/24,ldl20_KidneyMedulla,KM20,n100,2067,30
1/29/24,ldl13_LgIntestine,LGI13,n101,394,27
1/29/24,ldl14_LgIntestine,LGI14,n102,1021,29
1/29/24,ldl15_LgIntestine,LGI15,n103,723,29
1/29/24,ldl16_LgIntestine,LGI16,n104,1628,29
1/29/24,ldl17_LgIntestine,LGI17,n105,1083,29
1/29/24,ldl18_LgIntestine,LGI18,n106,1325,29
1/29/24,ldl19_LgIntestine,LGI19,n107,2343,30
1/29/24,ldl20_LgIntestine,LGI20,n108,1563,29
1/29/24,ldl13_Liver,Liver13,n109,1628,29
1/29/24,ldl14_Liver,Liver14,n110,3236,30
1/29/24,ldl15_Liver,LIV15,n111,1543,29
1/29/24,ldl16_Liver,LIV16,n112,3475,30
1/29/24,ldl17_Liver,LIV17,n113,3674,30
1/29/24,ldl18_Liver,LIV18,n114,752,29
2/1/24,ldl06_Liver,Lv6,n115,911,29
2/1/24,ldl07_Liver,Lv7,n116,7738,30
2/1/24,ldl08_Liver,Lv8,n117,6859,30
2/1/24,ldl10_Liver,Lv10,n118,6915,30
2/1/24,ldl10_Lung,L10,n119,600,28
2/1/24,ldl01_Skin,Sk1,n120,443,28
2/1/24,ldl02_Skin,Sk2,n121,1215,29
2/1/24,ldl03_Skin,Sk3,n122,481,28
2/1/24,ldl04_Skin,Sk4,n123,1071,29
2/1/24,ldl06_Skin,Sk6,n124,598,28
2/1/24,ldl07_Skin,Sk7,n125,86,18
2/1/24,ldl08_Skin,Sk8,n126,553,28
2/1/24,ldl10_Skin,Sk10,n127,1201,29
2/1/24,ldl01_SmIntestine,SI1,n128,84,18
2/1/24,ldl02_SmIntestine,SI2,n129,1885,29
2/1/24,ldl03_SmIntestine,SI3,n130,3034,30
2/1/24,ldl04_SmIntestine,SI4,n131,1231,29
2/1/24,ldl06_SmIntestine,SI6,n132,8122,30
2/15/24,ldl19_Liver,LV_19,n133,911,29
2/15/24,ldl20_Liver,LV_20,n134,844,29
2/15/24,ldl07_SmIntestine,SI7,n135,838,29
2/15/24,ldl08_SmIntestine,SI8,n136,622,28
2/15/24,ldl10_SmIntestine,SI10,n137,1627,29
2/15/24,nc02_SmIntestine,NC2_SI,n138,132,22
2/15/24,ldl02_Spleen,SP2,n139,7465,30
2/15/24,ldl07_Spleen,SP7,n140,2221,30
2/15/24,ldl08_Spleen,SP8,n141,1288,29
2/15/24,ldl19_Spleen,SP_19,n142,1948,29
2/15/24,ldl20_Spleen,SP_20,n143,516,28
2/15/24,ldl02_WAT,AT2,n144,121,22
2/15/24,ldl03_WAT,AT3,n145,57,15
2/15/24,ldl04_WAT,AT4,n146,45,15
2/15/24,ldl06_WAT,AT6,n147,166,24
2/15/24,ldl07_WAT,AT7,n148,71,16
2/15/24,ldl08_WAT,AT8,n149,143,23
2/15/24,ldl10_WAT,AT10,n150,239,26
2/15/24,ldl13_WAT,AT_13,n151,76,17
2/15/24,ldl14_WAT,AT_14,n152,64,15
2/15/24,ldl15_WAT,AT_15,n153,126,22
2/15/24,ldl16_WAT,AT_16,n154,75,17
2/15/24,ldl17_WAT,AT_17,n155,80,18
2/15/24,ldl18_WAT,AT_18,n156,81,18
2/15/24,ldl19_WAT,AT_19,n157,93,19
2/15/24,ldl20_WAT,AT_20,n158,98,20
2/16/24,ldl14_Lung,Lung14,n159,170,24
2/16/24,ldl17_Lung,Lung17,n160,84,18
2/16/24,ldl20_Lung,Lung20,n161,156,24
2/16/24,ldl13_Muscle,Muscle13,n162,69,16
2/16/24,ldl14_Muscle,Muscle14,n163,68,15
2/16/24,ldl15_Muscle,Muscle15,n164,97,20
2/16/24,ldl17_Muscle,Muscle17,n165,87,19
2/16/24,ldl19_Muscle,Muscle19,n166,83,18
2/16/24,ldl20_Muscle,Muscle20,n167,76,17
2/16/24,ldl13_Skin,Skin13,n168,53,15
2/16/24,ldl15_Skin,Skin15,n169,77,17
2/16/24,ldl17_Skin,Skin17,n170,85,18
2/16/24,ldl18_Skin,Skin18,n171,131,22
2/16/24,ldl19_Skin,Skin19,n172,73,16
2/16/24,ldl20_Skin,Skin20,n173,48,15
2/16/24,ldl13_SmIntestine,SI13,n174,1498,29
2/16/24,ldl14_SmIntestine,SI14,n175,2143,30
2/16/24,ldl15_SmIntestine,SI15,n176,3899,30
2/16/24,ldl16_SmIntestine,SI16,n177,1403,29
2/16/24,ldl17_SmIntestine,SI17,n178,1164,29
2/16/24,ldl18_SmIntestine,SI18,n179,2736,30
2/16/24,ldl19_SmIntestine,SI19,n180,1020,29
2/16/24,ldl20_SmIntestine,SI20,n181,1201,29
2/16/24,ldl13_Spleen,Spl13,n182,1782,29
2/16/24,ldl14_Spleen,Spl14,n183,1148,29
2/16/24,ldl15_Spleen,Spl15,n184,372,27
2/16/24,ldl16_Spleen,Spl16,n185,520,28
2/16/24,ldl17_Spleen,Spl17,n186,345,27
2/16/24,ldl18_Spleen,Spl18,n187,115,21
2/21/24,nc03_KidneyMedulla,NC3_KM,n188,71,16
2/21/24,ldl03_LgIntestine,LI3,n189,293,27
2/21/24,hf02_LgIntestine,HF2_LI,n190,254,26
2/21/24,ldl13_Lung,Lung13,n191,826,29
2/21/24,ldl15_Lung,Lung15,n192,417,28
2/21/24,ldl16_Lung,Lung16,n193,268,26
2/21/24,ldl18_Lung,Lung18,n194,255,26
2/21/24,ldl19_Lung,Lung19,n195,219,25
2/21/24,ldl16_Muscle,Muscle16,n196,100,20
2/21/24,ldl18_Muscle,Muscle18,n197,270,26
2/21/24,ldl14_Skin,Skin14,n198,116,21
2/21/24,ldl16_Skin,Skin16,n199,40,15
2/21/24,ldl01_WAT,AT1,n200,60,15